eth_price,prediction
1940.084,390.3694872174944
1898.8252,390.3694872174944
1817.2966,566.7571716308594
1787.5107,848.8699951171875
2124.7766,848.8699951171875
2466.9614,390.3694872174944
3226.084,566.7571716308594
3319.2573,566.7571716308594
3224.9153,390.3694872174944
3270.6008,390.3694872174944
3952.1335,390.3694872174944
3928.3794,390.3694872174944
3427.34,390.3694872174944
3270.278,566.7571716308594
3285.5117,390.3694872174944
3429.1697,390.3694872174944
2925.5657,848.8699951171875
3062.2654,684.447998046875
3391.6943,299.7114957173665
3563.7593,566.7571716308594
3545.354,848.8699951171875
4324.627,566.7571716308594
2189.2188,848.8699951171875
2561.852,390.3694872174944
2502.3496,390.3694872174944
3043.4143,390.3694872174944
3286.9353,1010.5985389122596
3172.4563,848.8699951171875
3211.5059,566.7571716308594
3571.295,390.3694872174944
2807.2966,848.8699951171875
2853.1433,299.7114957173665
3001.679,684.447998046875
3518.5186,848.8699951171875
3748.7603,566.7571716308594
4155.992,390.3694872174944
3970.182,390.3694872174944
1895.5521,390.3694872174944
2191.3738,566.7571716308594
2536.21,390.3694872174944
2610.1533,615.8463541191315
3244.4033,390.3694872174944
3224.3743,848.8699951171875
3940.6147,390.3694872174944
3887.8284,390.3694872174944
3426.3943,566.7571716308594
3410.1345,390.3694872174944
2764.4312,848.8699951171875
2931.6692,848.8699951171875
3418.3586,566.7571716308594
3425.8528,566.7571716308594
3847.1045,566.7571716308594
4054.3228,848.8699951171875
4171.6636,848.8699951171875
4087.903,390.3694872174944
4217.877,1010.5985389122596
4414.7466,566.7571716308594
4288.074,848.8699951171875
1994.3313,848.8699951171875
1990.9708,848.8699951171875
2233.3667,848.8699951171875
2298.3335,848.8699951171875
2724.6199,615.8463541191315
3013.7327,390.3694872174944
3141.6912,390.3694872174944
3164.245,390.3694872174944
3265.4434,566.7571716308594
3310.5042,566.7571716308594
3242.1155,390.3694872174944
3100.3254,390.3694872174944
3227.0027,390.3694872174944
3615.2827,390.3694872174944
3398.5388,848.8699951171875
3432.0183,848.8699951171875
3380.089,390.3694872174944
3580.562,848.8699951171875
3575.7168,848.8699951171875
3492.5732,848.8699951171875
3786.0142,430.1324920654297
3862.6348,430.1324920654297
3830.382,566.7571716308594
1911.1757,566.7571716308594
2025.2028,390.3694872174944
2296.5454,848.8699951171875
2380.9568,848.8699951171875
2890.9417,390.3694872174944
3157.2388,213.76285298665366
3322.2117,848.8699951171875
3156.5095,390.3694872174944
3182.7021,390.3694872174944
3834.8281,390.3694872174944
2958.9934,615.8463541191315
3307.516,848.8699951171875
3606.2017,566.7571716308594
3877.651,390.3694872174944
4287.319,566.7571716308594
1880.3829,566.7571716308594
2827.3289,615.8463541191315
3167.8562,1010.5985389122596
3014.846,390.3694872174944
3020.0898,390.3694872174944
3433.7327,390.3694872174944
3790.99,390.3694872174944
3497.3152,390.3694872174944
3329.448,1010.5985389122596
3077.868,848.8699951171875
3155.5237,566.7571716308594
2934.139,848.8699951171875
3587.9749,848.8699951171875
4131.102,848.8699951171875
3930.2573,1010.5985389122596
4325.6504,566.7571716308594
